PassengerId,Survived,Pclass,Sex,Age,SibSp,Parch,Embarked,FamilySize,IsAlone,AgeGroup
1,0,3,male,22.0,1,0,S,2,0,Young
2,1,1,female,38.0,1,0,C,2,0,Adult
3,1,3,female,26.0,0,0,S,1,1,Adult
4,1,1,female,35.0,1,0,S,2,0,Adult
5,0,3,male,35.0,0,0,S,1,1,Adult
6,0,3,male,28.0,0,0,Q,1,1,Adult
7,0,1,male,54.0,0,0,S,1,1,Adult
8,0,3,male,2.0,3,1,S,5,0,Child
9,1,3,female,27.0,0,2,S,3,0,Adult
10,1,2,female,14.0,1,0,C,2,0,Child
11,1,3,female,4.0,1,1,S,3,0,Child
12,1,1,female,58.0,0,0,S,1,1,Adult
13,0,3,male,20.0,0,0,S,1,1,Young
14,0,3,male,39.0,1,5,S,7,0,Adult
15,0,3,female,14.0,0,0,S,1,1,Child
16,1,2,female,55.0,0,0,S,1,1,Adult
17,0,3,male,2.0,4,1,Q,6,0,Child
18,1,2,male,28.0,0,0,S,1,1,Adult
19,0,3,female,31.0,1,0,S,2,0,Adult
20,1,3,female,28.0,0,0,C,1,1,Adult
21,0,2,male,35.0,0,0,S,1,1,Adult
22,1,2,male,34.0,0,0,S,1,1,Adult
23,1,3,female,15.0,0,0,Q,1,1,Young
24,1,1,male,28.0,0,0,S,1,1,Adult
25,0,3,female,8.0,3,1,S,5,0,Child
26,1,3,female,38.0,1,5,S,7,0,Adult
27,0,3,male,28.0,0,0,C,1,1,Adult
28,0,1,male,19.0,3,2,S,6,0,Young
29,1,3,female,28.0,0,0,Q,1,1,Adult
30,0,3,male,28.0,0,0,S,1,1,Adult
31,0,1,male,40.0,0,0,C,1,1,Adult
32,1,1,female,28.0,1,0,C,2,0,Adult
33,1,3,female,28.0,0,0,Q,1,1,Adult
34,0,2,male,66.0,0,0,S,1,1,Senior
35,0,1,male,28.0,1,0,C,2,0,Adult
36,0,1,male,42.0,1,0,S,2,0,Adult
37,1,3,male,28.0,0,0,C,1,1,Adult
38,0,3,male,21.0,0,0,S,1,1,Young
39,0,3,female,18.0,2,0,S,3,0,Young
40,1,3,female,14.0,1,0,C,2,0,Child
41,0,3,female,40.0,1,0,S,2,0,Adult
42,0,2,female,27.0,1,0,S,2,0,Adult
43,0,3,male,28.0,0,0,C,1,1,Adult
44,1,2,female,3.0,1,2,C,4,0,Child
45,1,3,female,19.0,0,0,Q,1,1,Young
46,0,3,male,28.0,0,0,S,1,1,Adult
47,0,3,male,28.0,1,0,Q,2,0,Adult
48,1,3,female,28.0,0,0,Q,1,1,Adult
49,0,3,male,28.0,2,0,C,3,0,Adult
50,0,3,female,18.0,1,0,S,2,0,Young
51,0,3,male,7.0,4,1,S,6,0,Child
52,0,3,male,21.0,0,0,S,1,1,Young
53,1,1,female,49.0,1,0,C,2,0,Adult
54,1,2,female,29.0,1,0,S,2,0,Adult
55,0,1,male,65.0,0,1,C,2,0,Senior
56,1,1,male,28.0,0,0,S,1,1,Adult
57,1,2,female,21.0,0,0,S,1,1,Young
58,0,3,male,28.5,0,0,C,1,1,Adult
59,1,2,female,5.0,1,2,S,4,0,Child
60,0,3,male,11.0,5,2,S,8,0,Child
61,0,3,male,22.0,0,0,C,1,1,Young
62,1,1,female,38.0,0,0,S,1,1,Adult
63,0,1,male,45.0,1,0,S,2,0,Adult
64,0,3,male,4.0,3,2,S,6,0,Child
65,0,1,male,28.0,0,0,C,1,1,Adult
66,1,3,male,28.0,1,1,C,3,0,Adult
67,1,2,female,29.0,0,0,S,1,1,Adult
68,0,3,male,19.0,0,0,S,1,1,Young
69,1,3,female,17.0,4,2,S,7,0,Young
70,0,3,male,26.0,2,0,S,3,0,Adult
71,0,2,male,32.0,0,0,S,1,1,Adult
72,0,3,female,16.0,5,2,S,8,0,Young
73,0,2,male,21.0,0,0,S,1,1,Young
74,0,3,male,26.0,1,0,C,2,0,Adult
75,1,3,male,32.0,0,0,S,1,1,Adult
76,0,3,male,25.0,0,0,S,1,1,Adult
77,0,3,male,28.0,0,0,S,1,1,Adult
78,0,3,male,28.0,0,0,S,1,1,Adult
79,1,2,male,0.83,0,2,S,3,0,Child
80,1,3,female,30.0,0,0,S,1,1,Adult
81,0,3,male,22.0,0,0,S,1,1,Young
82,1,3,male,29.0,0,0,S,1,1,Adult
83,1,3,female,28.0,0,0,Q,1,1,Adult
84,0,1,male,28.0,0,0,S,1,1,Adult
85,1,2,female,17.0,0,0,S,1,1,Young
86,1,3,female,33.0,3,0,S,4,0,Adult
87,0,3,male,16.0,1,3,S,5,0,Young
88,0,3,male,28.0,0,0,S,1,1,Adult
89,1,1,female,23.0,3,2,S,6,0,Young
90,0,3,male,24.0,0,0,S,1,1,Young
91,0,3,male,29.0,0,0,S,1,1,Adult
92,0,3,male,20.0,0,0,S,1,1,Young
93,0,1,male,46.0,1,0,S,2,0,Adult
94,0,3,male,26.0,1,2,S,4,0,Adult
95,0,3,male,59.0,0,0,S,1,1,Adult
96,0,3,male,28.0,0,0,S,1,1,Adult
97,0,1,male,71.0,0,0,C,1,1,Senior
98,1,1,male,23.0,0,1,C,2,0,Young
99,1,2,female,34.0,0,1,S,2,0,Adult
100,0,2,male,34.0,1,0,S,2,0,Adult
101,0,3,female,28.0,0,0,S,1,1,Adult
102,0,3,male,28.0,0,0,S,1,1,Adult
103,0,1,male,21.0,0,1,S,2,0,Young
104,0,3,male,33.0,0,0,S,1,1,Adult
105,0,3,male,37.0,2,0,S,3,0,Adult
106,0,3,male,28.0,0,0,S,1,1,Adult
107,1,3,female,21.0,0,0,S,1,1,Young
108,1,3,male,28.0,0,0,S,1,1,Adult
109,0,3,male,38.0,0,0,S,1,1,Adult
110,1,3,female,28.0,1,0,Q,2,0,Adult
111,0,1,male,47.0,0,0,S,1,1,Adult
112,0,3,female,14.5,1,0,C,2,0,Young
113,0,3,male,22.0,0,0,S,1,1,Young
114,0,3,female,20.0,1,0,S,2,0,Young
115,0,3,female,17.0,0,0,C,1,1,Young
116,0,3,male,21.0,0,0,S,1,1,Young
117,0,3,male,70.5,0,0,Q,1,1,Senior
118,0,2,male,29.0,1,0,S,2,0,Adult
119,0,1,male,24.0,0,1,C,2,0,Young
120,0,3,female,2.0,4,2,S,7,0,Child
121,0,2,male,21.0,2,0,S,3,0,Young
122,0,3,male,28.0,0,0,S,1,1,Adult
123,0,2,male,32.5,1,0,C,2,0,Adult
124,1,2,female,32.5,0,0,S,1,1,Adult
125,0,1,male,54.0,0,1,S,2,0,Adult
126,1,3,male,12.0,1,0,C,2,0,Child
127,0,3,male,28.0,0,0,Q,1,1,Adult
128,1,3,male,24.0,0,0,S,1,1,Young
129,1,3,female,28.0,1,1,C,3,0,Adult
130,0,3,male,45.0,0,0,S,1,1,Adult
131,0,3,male,33.0,0,0,C,1,1,Adult
132,0,3,male,20.0,0,0,S,1,1,Young
133,0,3,female,47.0,1,0,S,2,0,Adult
134,1,2,female,29.0,1,0,S,2,0,Adult
135,0,2,male,25.0,0,0,S,1,1,Adult
136,0,2,male,23.0,0,0,C,1,1,Young
137,1,1,female,19.0,0,2,S,3,0,Young
138,0,1,male,37.0,1,0,S,2,0,Adult
139,0,3,male,16.0,0,0,S,1,1,Young
140,0,1,male,24.0,0,0,C,1,1,Young
141,0,3,female,28.0,0,2,C,3,0,Adult
142,1,3,female,22.0,0,0,S,1,1,Young
143,1,3,female,24.0,1,0,S,2,0,Young
144,0,3,male,19.0,0,0,Q,1,1,Young
145,0,2,male,18.0,0,0,S,1,1,Young
146,0,2,male,19.0,1,1,S,3,0,Young
147,1,3,male,27.0,0,0,S,1,1,Adult
148,0,3,female,9.0,2,2,S,5,0,Child
149,0,2,male,36.5,0,2,S,3,0,Adult
150,0,2,male,42.0,0,0,S,1,1,Adult
151,0,2,male,51.0,0,0,S,1,1,Adult
152,1,1,female,22.0,1,0,S,2,0,Young
153,0,3,male,55.5,0,0,S,1,1,Adult
154,0,3,male,40.5,0,2,S,3,0,Adult
155,0,3,male,28.0,0,0,S,1,1,Adult
156,0,1,male,51.0,0,1,C,2,0,Adult
157,1,3,female,16.0,0,0,Q,1,1,Young
158,0,3,male,30.0,0,0,S,1,1,Adult
159,0,3,male,28.0,0,0,S,1,1,Adult
160,0,3,male,28.0,8,2,S,11,0,Adult
161,0,3,male,44.0,0,1,S,2,0,Adult
162,1,2,female,40.0,0,0,S,1,1,Adult
163,0,3,male,26.0,0,0,S,1,1,Adult
164,0,3,male,17.0,0,0,S,1,1,Young
165,0,3,male,1.0,4,1,S,6,0,Child
166,1,3,male,9.0,0,2,S,3,0,Child
167,1,1,female,28.0,0,1,S,2,0,Adult
168,0,3,female,45.0,1,4,S,6,0,Adult
169,0,1,male,28.0,0,0,S,1,1,Adult
170,0,3,male,28.0,0,0,S,1,1,Adult
171,0,1,male,61.0,0,0,S,1,1,Adult
172,0,3,male,4.0,4,1,Q,6,0,Child
173,1,3,female,1.0,1,1,S,3,0,Child
174,0,3,male,21.0,0,0,S,1,1,Young
175,0,1,male,56.0,0,0,C,1,1,Adult
176,0,3,male,18.0,1,1,S,3,0,Young
177,0,3,male,28.0,3,1,S,5,0,Adult
178,0,1,female,50.0,0,0,C,1,1,Adult
179,0,2,male,30.0,0,0,S,1,1,Adult
180,0,3,male,36.0,0,0,S,1,1,Adult
181,0,3,female,28.0,8,2,S,11,0,Adult
182,0,2,male,28.0,0,0,C,1,1,Adult
183,0,3,male,9.0,4,2,S,7,0,Child
184,1,2,male,1.0,2,1,S,4,0,Child
185,1,3,female,4.0,0,2,S,3,0,Child
186,0,1,male,28.0,0,0,S,1,1,Adult
187,1,3,female,28.0,1,0,Q,2,0,Adult
188,1,1,male,45.0,0,0,S,1,1,Adult
189,0,3,male,40.0,1,1,Q,3,0,Adult
190,0,3,male,36.0,0,0,S,1,1,Adult
191,1,2,female,32.0,0,0,S,1,1,Adult
192,0,2,male,19.0,0,0,S,1,1,Young
193,1,3,female,19.0,1,0,S,2,0,Young
194,1,2,male,3.0,1,1,S,3,0,Child
195,1,1,female,44.0,0,0,C,1,1,Adult
196,1,1,female,58.0,0,0,C,1,1,Adult
197,0,3,male,28.0,0,0,Q,1,1,Adult
198,0,3,male,42.0,0,1,S,2,0,Adult
199,1,3,female,28.0,0,0,Q,1,1,Adult
200,0,2,female,24.0,0,0,S,1,1,Young
201,0,3,male,28.0,0,0,S,1,1,Adult
202,0,3,male,28.0,8,2,S,11,0,Adult
203,0,3,male,34.0,0,0,S,1,1,Adult
204,0,3,male,45.5,0,0,C,1,1,Adult
205,1,3,male,18.0,0,0,S,1,1,Young
206,0,3,female,2.0,0,1,S,2,0,Child
207,0,3,male,32.0,1,0,S,2,0,Adult
208,1,3,male,26.0,0,0,C,1,1,Adult
209,1,3,female,16.0,0,0,Q,1,1,Young
210,1,1,male,40.0,0,0,C,1,1,Adult
211,0,3,male,24.0,0,0,S,1,1,Young
212,1,2,female,35.0,0,0,S,1,1,Adult
213,0,3,male,22.0,0,0,S,1,1,Young
214,0,2,male,30.0,0,0,S,1,1,Adult
215,0,3,male,28.0,1,0,Q,2,0,Adult
216,1,1,female,31.0,1,0,C,2,0,Adult
217,1,3,female,27.0,0,0,S,1,1,Adult
218,0,2,male,42.0,1,0,S,2,0,Adult
219,1,1,female,32.0,0,0,C,1,1,Adult
220,0,2,male,30.0,0,0,S,1,1,Adult
221,1,3,male,16.0,0,0,S,1,1,Young
222,0,2,male,27.0,0,0,S,1,1,Adult
223,0,3,male,51.0,0,0,S,1,1,Adult
224,0,3,male,28.0,0,0,S,1,1,Adult
225,1,1,male,38.0,1,0,S,2,0,Adult
226,0,3,male,22.0,0,0,S,1,1,Young
227,1,2,male,19.0,0,0,S,1,1,Young
228,0,3,male,20.5,0,0,S,1,1,Young
229,0,2,male,18.0,0,0,S,1,1,Young
230,0,3,female,28.0,3,1,S,5,0,Adult
231,1,1,female,35.0,1,0,S,2,0,Adult
232,0,3,male,29.0,0,0,S,1,1,Adult
233,0,2,male,59.0,0,0,S,1,1,Adult
234,1,3,female,5.0,4,2,S,7,0,Child
235,0,2,male,24.0,0,0,S,1,1,Young
236,0,3,female,28.0,0,0,S,1,1,Adult
237,0,2,male,44.0,1,0,S,2,0,Adult
238,1,2,female,8.0,0,2,S,3,0,Child
239,0,2,male,19.0,0,0,S,1,1,Young
240,0,2,male,33.0,0,0,S,1,1,Adult
241,0,3,female,28.0,1,0,C,2,0,Adult
242,1,3,female,28.0,1,0,Q,2,0,Adult
243,0,2,male,29.0,0,0,S,1,1,Adult
244,0,3,male,22.0,0,0,S,1,1,Young
245,0,3,male,30.0,0,0,C,1,1,Adult
246,0,1,male,44.0,2,0,Q,3,0,Adult
247,0,3,female,25.0,0,0,S,1,1,Adult
248,1,2,female,24.0,0,2,S,3,0,Young
249,1,1,male,37.0,1,1,S,3,0,Adult
250,0,2,male,54.0,1,0,S,2,0,Adult
251,0,3,male,28.0,0,0,S,1,1,Adult
252,0,3,female,29.0,1,1,S,3,0,Adult
253,0,1,male,62.0,0,0,S,1,1,Adult
254,0,3,male,30.0,1,0,S,2,0,Adult
255,0,3,female,41.0,0,2,S,3,0,Adult
256,1,3,female,29.0,0,2,C,3,0,Adult
257,1,1,female,28.0,0,0,C,1,1,Adult
258,1,1,female,30.0,0,0,S,1,1,Adult
259,1,1,female,35.0,0,0,C,1,1,Adult
260,1,2,female,50.0,0,1,S,2,0,Adult
261,0,3,male,28.0,0,0,Q,1,1,Adult
262,1,3,male,3.0,4,2,S,7,0,Child
263,0,1,male,52.0,1,1,S,3,0,Adult
264,0,1,male,40.0,0,0,S,1,1,Adult
265,0,3,female,28.0,0,0,Q,1,1,Adult
266,0,2,male,36.0,0,0,S,1,1,Adult
267,0,3,male,16.0,4,1,S,6,0,Young
268,1,3,male,25.0,1,0,S,2,0,Adult
269,1,1,female,58.0,0,1,S,2,0,Adult
270,1,1,female,35.0,0,0,S,1,1,Adult
271,0,1,male,28.0,0,0,S,1,1,Adult
272,1,3,male,25.0,0,0,S,1,1,Adult
273,1,2,female,41.0,0,1,S,2,0,Adult
274,0,1,male,37.0,0,1,C,2,0,Adult
275,1,3,female,28.0,0,0,Q,1,1,Adult
276,1,1,female,63.0,1,0,S,2,0,Adult
277,0,3,female,45.0,0,0,S,1,1,Adult
278,0,2,male,28.0,0,0,S,1,1,Adult
279,0,3,male,7.0,4,1,Q,6,0,Child
280,1,3,female,35.0,1,1,S,3,0,Adult
281,0,3,male,65.0,0,0,Q,1,1,Senior
282,0,3,male,28.0,0,0,S,1,1,Adult
283,0,3,male,16.0,0,0,S,1,1,Young
284,1,3,male,19.0,0,0,S,1,1,Young
285,0,1,male,28.0,0,0,S,1,1,Adult
286,0,3,male,33.0,0,0,C,1,1,Adult
287,1,3,male,30.0,0,0,S,1,1,Adult
288,0,3,male,22.0,0,0,S,1,1,Young
289,1,2,male,42.0,0,0,S,1,1,Adult
290,1,3,female,22.0,0,0,Q,1,1,Young
291,1,1,female,26.0,0,0,S,1,1,Adult
292,1,1,female,19.0,1,0,C,2,0,Young
293,0,2,male,36.0,0,0,C,1,1,Adult
294,0,3,female,24.0,0,0,S,1,1,Young
295,0,3,male,24.0,0,0,S,1,1,Young
296,0,1,male,28.0,0,0,C,1,1,Adult
297,0,3,male,23.5,0,0,C,1,1,Young
298,0,1,female,2.0,1,2,S,4,0,Child
299,1,1,male,28.0,0,0,S,1,1,Adult
300,1,1,female,50.0,0,1,C,2,0,Adult
301,1,3,female,28.0,0,0,Q,1,1,Adult
302,1,3,male,28.0,2,0,Q,3,0,Adult
303,0,3,male,19.0,0,0,S,1,1,Young
304,1,2,female,28.0,0,0,Q,1,1,Adult
305,0,3,male,28.0,0,0,S,1,1,Adult
306,1,1,male,0.92,1,2,S,4,0,Child
307,1,1,female,28.0,0,0,C,1,1,Adult
308,1,1,female,17.0,1,0,C,2,0,Young
309,0,2,male,30.0,1,0,C,2,0,Adult
310,1,1,female,30.0,0,0,C,1,1,Adult
311,1,1,female,24.0,0,0,C,1,1,Young
312,1,1,female,18.0,2,2,C,5,0,Young
313,0,2,female,26.0,1,1,S,3,0,Adult
314,0,3,male,28.0,0,0,S,1,1,Adult
315,0,2,male,43.0,1,1,S,3,0,Adult
316,1,3,female,26.0,0,0,S,1,1,Adult
317,1,2,female,24.0,1,0,S,2,0,Young
318,0,2,male,54.0,0,0,S,1,1,Adult
319,1,1,female,31.0,0,2,S,3,0,Adult
320,1,1,female,40.0,1,1,C,3,0,Adult
321,0,3,male,22.0,0,0,S,1,1,Young
322,0,3,male,27.0,0,0,S,1,1,Adult
323,1,2,female,30.0,0,0,Q,1,1,Adult
324,1,2,female,22.0,1,1,S,3,0,Young
325,0,3,male,28.0,8,2,S,11,0,Adult
326,1,1,female,36.0,0,0,C,1,1,Adult
327,0,3,male,61.0,0,0,S,1,1,Adult
328,1,2,female,36.0,0,0,S,1,1,Adult
329,1,3,female,31.0,1,1,S,3,0,Adult
330,1,1,female,16.0,0,1,C,2,0,Young
331,1,3,female,28.0,2,0,Q,3,0,Adult
332,0,1,male,45.5,0,0,S,1,1,Adult
333,0,1,male,38.0,0,1,S,2,0,Adult
334,0,3,male,16.0,2,0,S,3,0,Young
335,1,1,female,28.0,1,0,S,2,0,Adult
336,0,3,male,28.0,0,0,S,1,1,Adult
337,0,1,male,29.0,1,0,S,2,0,Adult
338,1,1,female,41.0,0,0,C,1,1,Adult
339,1,3,male,45.0,0,0,S,1,1,Adult
340,0,1,male,45.0,0,0,S,1,1,Adult
341,1,2,male,2.0,1,1,S,3,0,Child
342,1,1,female,24.0,3,2,S,6,0,Young
343,0,2,male,28.0,0,0,S,1,1,Adult
344,0,2,male,25.0,0,0,S,1,1,Adult
345,0,2,male,36.0,0,0,S,1,1,Adult
346,1,2,female,24.0,0,0,S,1,1,Young
347,1,2,female,40.0,0,0,S,1,1,Adult
348,1,3,female,28.0,1,0,S,2,0,Adult
349,1,3,male,3.0,1,1,S,3,0,Child
350,0,3,male,42.0,0,0,S,1,1,Adult
351,0,3,male,23.0,0,0,S,1,1,Young
352,0,1,male,28.0,0,0,S,1,1,Adult
353,0,3,male,15.0,1,1,C,3,0,Young
354,0,3,male,25.0,1,0,S,2,0,Adult
355,0,3,male,28.0,0,0,C,1,1,Adult
356,0,3,male,28.0,0,0,S,1,1,Adult
357,1,1,female,22.0,0,1,S,2,0,Young
358,0,2,female,38.0,0,0,S,1,1,Adult
359,1,3,female,28.0,0,0,Q,1,1,Adult
360,1,3,female,28.0,0,0,Q,1,1,Adult
361,0,3,male,40.0,1,4,S,6,0,Adult
362,0,2,male,29.0,1,0,C,2,0,Adult
363,0,3,female,45.0,0,1,C,2,0,Adult
364,0,3,male,35.0,0,0,S,1,1,Adult
365,0,3,male,28.0,1,0,Q,2,0,Adult
366,0,3,male,30.0,0,0,S,1,1,Adult
367,1,1,female,60.0,1,0,C,2,0,Adult
368,1,3,female,28.0,0,0,C,1,1,Adult
369,1,3,female,28.0,0,0,Q,1,1,Adult
370,1,1,female,24.0,0,0,C,1,1,Young
371,1,1,male,25.0,1,0,C,2,0,Adult
372,0,3,male,18.0,1,0,S,2,0,Young
373,0,3,male,19.0,0,0,S,1,1,Young
374,0,1,male,22.0,0,0,C,1,1,Young
375,0,3,female,3.0,3,1,S,5,0,Child
376,1,1,female,28.0,1,0,C,2,0,Adult
377,1,3,female,22.0,0,0,S,1,1,Young
378,0,1,male,27.0,0,2,C,3,0,Adult
379,0,3,male,20.0,0,0,C,1,1,Young
380,0,3,male,19.0,0,0,S,1,1,Young
381,1,1,female,42.0,0,0,C,1,1,Adult
382,1,3,female,1.0,0,2,C,3,0,Child
383,0,3,male,32.0,0,0,S,1,1,Adult
384,1,1,female,35.0,1,0,S,2,0,Adult
385,0,3,male,28.0,0,0,S,1,1,Adult
386,0,2,male,18.0,0,0,S,1,1,Young
387,0,3,male,1.0,5,2,S,8,0,Child
388,1,2,female,36.0,0,0,S,1,1,Adult
389,0,3,male,28.0,0,0,Q,1,1,Adult
390,1,2,female,17.0,0,0,C,1,1,Young
391,1,1,male,36.0,1,2,S,4,0,Adult
392,1,3,male,21.0,0,0,S,1,1,Young
393,0,3,male,28.0,2,0,S,3,0,Adult
394,1,1,female,23.0,1,0,C,2,0,Young
395,1,3,female,24.0,0,2,S,3,0,Young
396,0,3,male,22.0,0,0,S,1,1,Young
397,0,3,female,31.0,0,0,S,1,1,Adult
398,0,2,male,46.0,0,0,S,1,1,Adult
399,0,2,male,23.0,0,0,S,1,1,Young
400,1,2,female,28.0,0,0,S,1,1,Adult
401,1,3,male,39.0,0,0,S,1,1,Adult
402,0,3,male,26.0,0,0,S,1,1,Adult
403,0,3,female,21.0,1,0,S,2,0,Young
404,0,3,male,28.0,1,0,S,2,0,Adult
405,0,3,female,20.0,0,0,S,1,1,Young
406,0,2,male,34.0,1,0,S,2,0,Adult
407,0,3,male,51.0,0,0,S,1,1,Adult
408,1,2,male,3.0,1,1,S,3,0,Child
409,0,3,male,21.0,0,0,S,1,1,Young
410,0,3,female,28.0,3,1,S,5,0,Adult
411,0,3,male,28.0,0,0,S,1,1,Adult
412,0,3,male,28.0,0,0,Q,1,1,Adult
413,1,1,female,33.0,1,0,Q,2,0,Adult
414,0,2,male,28.0,0,0,S,1,1,Adult
415,1,3,male,44.0,0,0,S,1,1,Adult
416,0,3,female,28.0,0,0,S,1,1,Adult
417,1,2,female,34.0,1,1,S,3,0,Adult
418,1,2,female,18.0,0,2,S,3,0,Young
419,0,2,male,30.0,0,0,S,1,1,Adult
420,0,3,female,10.0,0,2,S,3,0,Child
421,0,3,male,28.0,0,0,C,1,1,Adult
422,0,3,male,21.0,0,0,Q,1,1,Young
423,0,3,male,29.0,0,0,S,1,1,Adult
424,0,3,female,28.0,1,1,S,3,0,Adult
425,0,3,male,18.0,1,1,S,3,0,Young
426,0,3,male,28.0,0,0,S,1,1,Adult
427,1,2,female,28.0,1,0,S,2,0,Adult
428,1,2,female,19.0,0,0,S,1,1,Young
429,0,3,male,28.0,0,0,Q,1,1,Adult
430,1,3,male,32.0,0,0,S,1,1,Adult
431,1,1,male,28.0,0,0,S,1,1,Adult
432,1,3,female,28.0,1,0,S,2,0,Adult
433,1,2,female,42.0,1,0,S,2,0,Adult
434,0,3,male,17.0,0,0,S,1,1,Young
435,0,1,male,50.0,1,0,S,2,0,Adult
436,1,1,female,14.0,1,2,S,4,0,Child
437,0,3,female,21.0,2,2,S,5,0,Young
438,1,2,female,24.0,2,3,S,6,0,Young
439,0,1,male,64.0,1,4,S,6,0,Adult
440,0,2,male,31.0,0,0,S,1,1,Adult
441,1,2,female,45.0,1,1,S,3,0,Adult
442,0,3,male,20.0,0,0,S,1,1,Young
443,0,3,male,25.0,1,0,S,2,0,Adult
444,1,2,female,28.0,0,0,S,1,1,Adult
445,1,3,male,28.0,0,0,S,1,1,Adult
446,1,1,male,4.0,0,2,S,3,0,Child
447,1,2,female,13.0,0,1,S,2,0,Child
448,1,1,male,34.0,0,0,S,1,1,Adult
449,1,3,female,5.0,2,1,C,4,0,Child
450,1,1,male,52.0,0,0,S,1,1,Adult
451,0,2,male,36.0,1,2,S,4,0,Adult
452,0,3,male,28.0,1,0,S,2,0,Adult
453,0,1,male,30.0,0,0,C,1,1,Adult
454,1,1,male,49.0,1,0,C,2,0,Adult
455,0,3,male,28.0,0,0,S,1,1,Adult
456,1,3,male,29.0,0,0,C,1,1,Adult
457,0,1,male,65.0,0,0,S,1,1,Senior
458,1,1,female,28.0,1,0,S,2,0,Adult
459,1,2,female,50.0,0,0,S,1,1,Adult
460,0,3,male,28.0,0,0,Q,1,1,Adult
461,1,1,male,48.0,0,0,S,1,1,Adult
462,0,3,male,34.0,0,0,S,1,1,Adult
463,0,1,male,47.0,0,0,S,1,1,Adult
464,0,2,male,48.0,0,0,S,1,1,Adult
465,0,3,male,28.0,0,0,S,1,1,Adult
466,0,3,male,38.0,0,0,S,1,1,Adult
467,0,2,male,28.0,0,0,S,1,1,Adult
468,0,1,male,56.0,0,0,S,1,1,Adult
469,0,3,male,28.0,0,0,Q,1,1,Adult
470,1,3,female,0.75,2,1,C,4,0,Child
471,0,3,male,28.0,0,0,S,1,1,Adult
472,0,3,male,38.0,0,0,S,1,1,Adult
473,1,2,female,33.0,1,2,S,4,0,Adult
474,1,2,female,23.0,0,0,C,1,1,Young
475,0,3,female,22.0,0,0,S,1,1,Young
476,0,1,male,28.0,0,0,S,1,1,Adult
477,0,2,male,34.0,1,0,S,2,0,Adult
478,0,3,male,29.0,1,0,S,2,0,Adult
479,0,3,male,22.0,0,0,S,1,1,Young
480,1,3,female,2.0,0,1,S,2,0,Child
481,0,3,male,9.0,5,2,S,8,0,Child
482,0,2,male,28.0,0,0,S,1,1,Adult
483,0,3,male,50.0,0,0,S,1,1,Adult
484,1,3,female,63.0,0,0,S,1,1,Adult
485,1,1,male,25.0,1,0,C,2,0,Adult
486,0,3,female,28.0,3,1,S,5,0,Adult
487,1,1,female,35.0,1,0,S,2,0,Adult
488,0,1,male,58.0,0,0,C,1,1,Adult
489,0,3,male,30.0,0,0,S,1,1,Adult
490,1,3,male,9.0,1,1,S,3,0,Child
491,0,3,male,28.0,1,0,S,2,0,Adult
492,0,3,male,21.0,0,0,S,1,1,Young
493,0,1,male,55.0,0,0,S,1,1,Adult
494,0,1,male,71.0,0,0,C,1,1,Senior
495,0,3,male,21.0,0,0,S,1,1,Young
496,0,3,male,28.0,0,0,C,1,1,Adult
497,1,1,female,54.0,1,0,C,2,0,Adult
498,0,3,male,28.0,0,0,S,1,1,Adult
499,0,1,female,25.0,1,2,S,4,0,Adult
500,0,3,male,24.0,0,0,S,1,1,Young
501,0,3,male,17.0,0,0,S,1,1,Young
502,0,3,female,21.0,0,0,Q,1,1,Young
503,0,3,female,28.0,0,0,Q,1,1,Adult
504,0,3,female,37.0,0,0,S,1,1,Adult
505,1,1,female,16.0,0,0,S,1,1,Young
506,0,1,male,18.0,1,0,C,2,0,Young
507,1,2,female,33.0,0,2,S,3,0,Adult
508,1,1,male,28.0,0,0,S,1,1,Adult
509,0,3,male,28.0,0,0,S,1,1,Adult
510,1,3,male,26.0,0,0,S,1,1,Adult
511,1,3,male,29.0,0,0,Q,1,1,Adult
512,0,3,male,28.0,0,0,S,1,1,Adult
513,1,1,male,36.0,0,0,S,1,1,Adult
514,1,1,female,54.0,1,0,C,2,0,Adult
515,0,3,male,24.0,0,0,S,1,1,Young
516,0,1,male,47.0,0,0,S,1,1,Adult
517,1,2,female,34.0,0,0,S,1,1,Adult
518,0,3,male,28.0,0,0,Q,1,1,Adult
519,1,2,female,36.0,1,0,S,2,0,Adult
520,0,3,male,32.0,0,0,S,1,1,Adult
521,1,1,female,30.0,0,0,S,1,1,Adult
522,0,3,male,22.0,0,0,S,1,1,Young
523,0,3,male,28.0,0,0,C,1,1,Adult
524,1,1,female,44.0,0,1,C,2,0,Adult
525,0,3,male,28.0,0,0,C,1,1,Adult
526,0,3,male,40.5,0,0,Q,1,1,Adult
527,1,2,female,50.0,0,0,S,1,1,Adult
528,0,1,male,28.0,0,0,S,1,1,Adult
529,0,3,male,39.0,0,0,S,1,1,Adult
530,0,2,male,23.0,2,1,S,4,0,Young
531,1,2,female,2.0,1,1,S,3,0,Child
532,0,3,male,28.0,0,0,C,1,1,Adult
533,0,3,male,17.0,1,1,C,3,0,Young
534,1,3,female,28.0,0,2,C,3,0,Adult
535,0,3,female,30.0,0,0,S,1,1,Adult
536,1,2,female,7.0,0,2,S,3,0,Child
537,0,1,male,45.0,0,0,S,1,1,Adult
538,1,1,female,30.0,0,0,C,1,1,Adult
539,0,3,male,28.0,0,0,S,1,1,Adult
540,1,1,female,22.0,0,2,C,3,0,Young
541,1,1,female,36.0,0,2,S,3,0,Adult
542,0,3,female,9.0,4,2,S,7,0,Child
543,0,3,female,11.0,4,2,S,7,0,Child
544,1,2,male,32.0,1,0,S,2,0,Adult
545,0,1,male,50.0,1,0,C,2,0,Adult
546,0,1,male,64.0,0,0,S,1,1,Adult
547,1,2,female,19.0,1,0,S,2,0,Young
548,1,2,male,28.0,0,0,C,1,1,Adult
549,0,3,male,33.0,1,1,S,3,0,Adult
550,1,2,male,8.0,1,1,S,3,0,Child
551,1,1,male,17.0,0,2,C,3,0,Young
552,0,2,male,27.0,0,0,S,1,1,Adult
553,0,3,male,28.0,0,0,Q,1,1,Adult
554,1,3,male,22.0,0,0,C,1,1,Young
555,1,3,female,22.0,0,0,S,1,1,Young
556,0,1,male,62.0,0,0,S,1,1,Adult
557,1,1,female,48.0,1,0,C,2,0,Adult
558,0,1,male,28.0,0,0,C,1,1,Adult
559,1,1,female,39.0,1,1,S,3,0,Adult
560,1,3,female,36.0,1,0,S,2,0,Adult
561,0,3,male,28.0,0,0,Q,1,1,Adult
562,0,3,male,40.0,0,0,S,1,1,Adult
563,0,2,male,28.0,0,0,S,1,1,Adult
564,0,3,male,28.0,0,0,S,1,1,Adult
565,0,3,female,28.0,0,0,S,1,1,Adult
566,0,3,male,24.0,2,0,S,3,0,Young
567,0,3,male,19.0,0,0,S,1,1,Young
568,0,3,female,29.0,0,4,S,5,0,Adult
569,0,3,male,28.0,0,0,C,1,1,Adult
570,1,3,male,32.0,0,0,S,1,1,Adult
571,1,2,male,62.0,0,0,S,1,1,Adult
572,1,1,female,53.0,2,0,S,3,0,Adult
573,1,1,male,36.0,0,0,S,1,1,Adult
574,1,3,female,28.0,0,0,Q,1,1,Adult
575,0,3,male,16.0,0,0,S,1,1,Young
576,0,3,male,19.0,0,0,S,1,1,Young
577,1,2,female,34.0,0,0,S,1,1,Adult
578,1,1,female,39.0,1,0,S,2,0,Adult
579,0,3,female,28.0,1,0,C,2,0,Adult
580,1,3,male,32.0,0,0,S,1,1,Adult
581,1,2,female,25.0,1,1,S,3,0,Adult
582,1,1,female,39.0,1,1,C,3,0,Adult
583,0,2,male,54.0,0,0,S,1,1,Adult
584,0,1,male,36.0,0,0,C,1,1,Adult
585,0,3,male,28.0,0,0,C,1,1,Adult
586,1,1,female,18.0,0,2,S,3,0,Young
587,0,2,male,47.0,0,0,S,1,1,Adult
588,1,1,male,60.0,1,1,C,3,0,Adult
589,0,3,male,22.0,0,0,S,1,1,Young
590,0,3,male,28.0,0,0,S,1,1,Adult
591,0,3,male,35.0,0,0,S,1,1,Adult
592,1,1,female,52.0,1,0,C,2,0,Adult
593,0,3,male,47.0,0,0,S,1,1,Adult
594,0,3,female,28.0,0,2,Q,3,0,Adult
595,0,2,male,37.0,1,0,S,2,0,Adult
596,0,3,male,36.0,1,1,S,3,0,Adult
597,1,2,female,28.0,0,0,S,1,1,Adult
598,0,3,male,49.0,0,0,S,1,1,Adult
599,0,3,male,28.0,0,0,C,1,1,Adult
600,1,1,male,49.0,1,0,C,2,0,Adult
601,1,2,female,24.0,2,1,S,4,0,Young
602,0,3,male,28.0,0,0,S,1,1,Adult
603,0,1,male,28.0,0,0,S,1,1,Adult
604,0,3,male,44.0,0,0,S,1,1,Adult
605,1,1,male,35.0,0,0,C,1,1,Adult
606,0,3,male,36.0,1,0,S,2,0,Adult
607,0,3,male,30.0,0,0,S,1,1,Adult
608,1,1,male,27.0,0,0,S,1,1,Adult
609,1,2,female,22.0,1,2,C,4,0,Young
610,1,1,female,40.0,0,0,S,1,1,Adult
611,0,3,female,39.0,1,5,S,7,0,Adult
612,0,3,male,28.0,0,0,S,1,1,Adult
613,1,3,female,28.0,1,0,Q,2,0,Adult
614,0,3,male,28.0,0,0,Q,1,1,Adult
615,0,3,male,35.0,0,0,S,1,1,Adult
616,1,2,female,24.0,1,2,S,4,0,Young
617,0,3,male,34.0,1,1,S,3,0,Adult
618,0,3,female,26.0,1,0,S,2,0,Adult
619,1,2,female,4.0,2,1,S,4,0,Child
620,0,2,male,26.0,0,0,S,1,1,Adult
621,0,3,male,27.0,1,0,C,2,0,Adult
622,1,1,male,42.0,1,0,S,2,0,Adult
623,1,3,male,20.0,1,1,C,3,0,Young
624,0,3,male,21.0,0,0,S,1,1,Young
625,0,3,male,21.0,0,0,S,1,1,Young
626,0,1,male,61.0,0,0,S,1,1,Adult
627,0,2,male,57.0,0,0,Q,1,1,Adult
628,1,1,female,21.0,0,0,S,1,1,Young
629,0,3,male,26.0,0,0,S,1,1,Adult
630,0,3,male,28.0,0,0,Q,1,1,Adult
631,1,1,male,80.0,0,0,S,1,1,Senior
632,0,3,male,51.0,0,0,S,1,1,Adult
633,1,1,male,32.0,0,0,C,1,1,Adult
634,0,1,male,28.0,0,0,S,1,1,Adult
635,0,3,female,9.0,3,2,S,6,0,Child
636,1,2,female,28.0,0,0,S,1,1,Adult
637,0,3,male,32.0,0,0,S,1,1,Adult
638,0,2,male,31.0,1,1,S,3,0,Adult
639,0,3,female,41.0,0,5,S,6,0,Adult
640,0,3,male,28.0,1,0,S,2,0,Adult
641,0,3,male,20.0,0,0,S,1,1,Young
642,1,1,female,24.0,0,0,C,1,1,Young
643,0,3,female,2.0,3,2,S,6,0,Child
644,1,3,male,28.0,0,0,S,1,1,Adult
645,1,3,female,0.75,2,1,C,4,0,Child
646,1,1,male,48.0,1,0,C,2,0,Adult
647,0,3,male,19.0,0,0,S,1,1,Young
648,1,1,male,56.0,0,0,C,1,1,Adult
649,0,3,male,28.0,0,0,S,1,1,Adult
650,1,3,female,23.0,0,0,S,1,1,Young
651,0,3,male,28.0,0,0,S,1,1,Adult
652,1,2,female,18.0,0,1,S,2,0,Young
653,0,3,male,21.0,0,0,S,1,1,Young
654,1,3,female,28.0,0,0,Q,1,1,Adult
655,0,3,female,18.0,0,0,Q,1,1,Young
656,0,2,male,24.0,2,0,S,3,0,Young
657,0,3,male,28.0,0,0,S,1,1,Adult
658,0,3,female,32.0,1,1,Q,3,0,Adult
659,0,2,male,23.0,0,0,S,1,1,Young
660,0,1,male,58.0,0,2,C,3,0,Adult
661,1,1,male,50.0,2,0,S,3,0,Adult
662,0,3,male,40.0,0,0,C,1,1,Adult
663,0,1,male,47.0,0,0,S,1,1,Adult
664,0,3,male,36.0,0,0,S,1,1,Adult
665,1,3,male,20.0,1,0,S,2,0,Young
666,0,2,male,32.0,2,0,S,3,0,Adult
667,0,2,male,25.0,0,0,S,1,1,Adult
668,0,3,male,28.0,0,0,S,1,1,Adult
669,0,3,male,43.0,0,0,S,1,1,Adult
670,1,1,female,28.0,1,0,S,2,0,Adult
671,1,2,female,40.0,1,1,S,3,0,Adult
672,0,1,male,31.0,1,0,S,2,0,Adult
673,0,2,male,70.0,0,0,S,1,1,Senior
674,1,2,male,31.0,0,0,S,1,1,Adult
675,0,2,male,28.0,0,0,S,1,1,Adult
676,0,3,male,18.0,0,0,S,1,1,Young
677,0,3,male,24.5,0,0,S,1,1,Adult
678,1,3,female,18.0,0,0,S,1,1,Young
679,0,3,female,43.0,1,6,S,8,0,Adult
680,1,1,male,36.0,0,1,C,2,0,Adult
681,0,3,female,28.0,0,0,Q,1,1,Adult
682,1,1,male,27.0,0,0,C,1,1,Adult
683,0,3,male,20.0,0,0,S,1,1,Young
684,0,3,male,14.0,5,2,S,8,0,Child
685,0,2,male,60.0,1,1,S,3,0,Adult
686,0,2,male,25.0,1,2,C,4,0,Adult
687,0,3,male,14.0,4,1,S,6,0,Child
688,0,3,male,19.0,0,0,S,1,1,Young
689,0,3,male,18.0,0,0,S,1,1,Young
690,1,1,female,15.0,0,1,S,2,0,Young
691,1,1,male,31.0,1,0,S,2,0,Adult
692,1,3,female,4.0,0,1,C,2,0,Child
693,1,3,male,28.0,0,0,S,1,1,Adult
694,0,3,male,25.0,0,0,C,1,1,Adult
695,0,1,male,60.0,0,0,S,1,1,Adult
696,0,2,male,52.0,0,0,S,1,1,Adult
697,0,3,male,44.0,0,0,S,1,1,Adult
698,1,3,female,28.0,0,0,Q,1,1,Adult
699,0,1,male,49.0,1,1,C,3,0,Adult
700,0,3,male,42.0,0,0,S,1,1,Adult
701,1,1,female,18.0,1,0,C,2,0,Young
702,1,1,male,35.0,0,0,S,1,1,Adult
703,0,3,female,18.0,0,1,C,2,0,Young
704,0,3,male,25.0,0,0,Q,1,1,Adult
705,0,3,male,26.0,1,0,S,2,0,Adult
706,0,2,male,39.0,0,0,S,1,1,Adult
707,1,2,female,45.0,0,0,S,1,1,Adult
708,1,1,male,42.0,0,0,S,1,1,Adult
709,1,1,female,22.0,0,0,S,1,1,Young
710,1,3,male,28.0,1,1,C,3,0,Adult
711,1,1,female,24.0,0,0,C,1,1,Young
712,0,1,male,28.0,0,0,S,1,1,Adult
713,1,1,male,48.0,1,0,S,2,0,Adult
714,0,3,male,29.0,0,0,S,1,1,Adult
715,0,2,male,52.0,0,0,S,1,1,Adult
716,0,3,male,19.0,0,0,S,1,1,Young
717,1,1,female,38.0,0,0,C,1,1,Adult
718,1,2,female,27.0,0,0,S,1,1,Adult
719,0,3,male,28.0,0,0,Q,1,1,Adult
720,0,3,male,33.0,0,0,S,1,1,Adult
721,1,2,female,6.0,0,1,S,2,0,Child
722,0,3,male,17.0,1,0,S,2,0,Young
723,0,2,male,34.0,0,0,S,1,1,Adult
724,0,2,male,50.0,0,0,S,1,1,Adult
725,1,1,male,27.0,1,0,S,2,0,Adult
726,0,3,male,20.0,0,0,S,1,1,Young
727,1,2,female,30.0,3,0,S,4,0,Adult
728,1,3,female,28.0,0,0,Q,1,1,Adult
729,0,2,male,25.0,1,0,S,2,0,Adult
730,0,3,female,25.0,1,0,S,2,0,Adult
731,1,1,female,29.0,0,0,S,1,1,Adult
732,0,3,male,11.0,0,0,C,1,1,Child
733,0,2,male,28.0,0,0,S,1,1,Adult
734,0,2,male,23.0,0,0,S,1,1,Young
735,0,2,male,23.0,0,0,S,1,1,Young
736,0,3,male,28.5,0,0,S,1,1,Adult
737,0,3,female,48.0,1,3,S,5,0,Adult
738,1,1,male,35.0,0,0,C,1,1,Adult
739,0,3,male,28.0,0,0,S,1,1,Adult
740,0,3,male,28.0,0,0,S,1,1,Adult
741,1,1,male,28.0,0,0,S,1,1,Adult
742,0,1,male,36.0,1,0,S,2,0,Adult
743,1,1,female,21.0,2,2,C,5,0,Young
744,0,3,male,24.0,1,0,S,2,0,Young
745,1,3,male,31.0,0,0,S,1,1,Adult
746,0,1,male,70.0,1,1,S,3,0,Senior
747,0,3,male,16.0,1,1,S,3,0,Young
748,1,2,female,30.0,0,0,S,1,1,Adult
749,0,1,male,19.0,1,0,S,2,0,Young
750,0,3,male,31.0,0,0,Q,1,1,Adult
751,1,2,female,4.0,1,1,S,3,0,Child
752,1,3,male,6.0,0,1,S,2,0,Child
753,0,3,male,33.0,0,0,S,1,1,Adult
754,0,3,male,23.0,0,0,S,1,1,Young
755,1,2,female,48.0,1,2,S,4,0,Adult
756,1,2,male,0.67,1,1,S,3,0,Child
757,0,3,male,28.0,0,0,S,1,1,Adult
758,0,2,male,18.0,0,0,S,1,1,Young
759,0,3,male,34.0,0,0,S,1,1,Adult
760,1,1,female,33.0,0,0,S,1,1,Adult
761,0,3,male,28.0,0,0,S,1,1,Adult
762,0,3,male,41.0,0,0,S,1,1,Adult
763,1,3,male,20.0,0,0,C,1,1,Young
764,1,1,female,36.0,1,2,S,4,0,Adult
765,0,3,male,16.0,0,0,S,1,1,Young
766,1,1,female,51.0,1,0,S,2,0,Adult
767,0,1,male,28.0,0,0,C,1,1,Adult
768,0,3,female,30.5,0,0,Q,1,1,Adult
769,0,3,male,28.0,1,0,Q,2,0,Adult
770,0,3,male,32.0,0,0,S,1,1,Adult
771,0,3,male,24.0,0,0,S,1,1,Young
772,0,3,male,48.0,0,0,S,1,1,Adult
773,0,2,female,57.0,0,0,S,1,1,Adult
774,0,3,male,28.0,0,0,C,1,1,Adult
775,1,2,female,54.0,1,3,S,5,0,Adult
776,0,3,male,18.0,0,0,S,1,1,Young
777,0,3,male,28.0,0,0,Q,1,1,Adult
778,1,3,female,5.0,0,0,S,1,1,Child
779,0,3,male,28.0,0,0,Q,1,1,Adult
780,1,1,female,43.0,0,1,S,2,0,Adult
781,1,3,female,13.0,0,0,C,1,1,Child
782,1,1,female,17.0,1,0,S,2,0,Young
783,0,1,male,29.0,0,0,S,1,1,Adult
784,0,3,male,28.0,1,2,S,4,0,Adult
785,0,3,male,25.0,0,0,S,1,1,Adult
786,0,3,male,25.0,0,0,S,1,1,Adult
787,1,3,female,18.0,0,0,S,1,1,Young
788,0,3,male,8.0,4,1,Q,6,0,Child
789,1,3,male,1.0,1,2,S,4,0,Child
790,0,1,male,46.0,0,0,C,1,1,Adult
791,0,3,male,28.0,0,0,Q,1,1,Adult
792,0,2,male,16.0,0,0,S,1,1,Young
793,0,3,female,28.0,8,2,S,11,0,Adult
794,0,1,male,28.0,0,0,C,1,1,Adult
795,0,3,male,25.0,0,0,S,1,1,Adult
796,0,2,male,39.0,0,0,S,1,1,Adult
797,1,1,female,49.0,0,0,S,1,1,Adult
798,1,3,female,31.0,0,0,S,1,1,Adult
799,0,3,male,30.0,0,0,C,1,1,Adult
800,0,3,female,30.0,1,1,S,3,0,Adult
801,0,2,male,34.0,0,0,S,1,1,Adult
802,1,2,female,31.0,1,1,S,3,0,Adult
803,1,1,male,11.0,1,2,S,4,0,Child
804,1,3,male,0.42,0,1,C,2,0,Child
805,1,3,male,27.0,0,0,S,1,1,Adult
806,0,3,male,31.0,0,0,S,1,1,Adult
807,0,1,male,39.0,0,0,S,1,1,Adult
808,0,3,female,18.0,0,0,S,1,1,Young
809,0,2,male,39.0,0,0,S,1,1,Adult
810,1,1,female,33.0,1,0,S,2,0,Adult
811,0,3,male,26.0,0,0,S,1,1,Adult
812,0,3,male,39.0,0,0,S,1,1,Adult
813,0,2,male,35.0,0,0,S,1,1,Adult
814,0,3,female,6.0,4,2,S,7,0,Child
815,0,3,male,30.5,0,0,S,1,1,Adult
816,0,1,male,28.0,0,0,S,1,1,Adult
817,0,3,female,23.0,0,0,S,1,1,Young
818,0,2,male,31.0,1,1,C,3,0,Adult
819,0,3,male,43.0,0,0,S,1,1,Adult
820,0,3,male,10.0,3,2,S,6,0,Child
821,1,1,female,52.0,1,1,S,3,0,Adult
822,1,3,male,27.0,0,0,S,1,1,Adult
823,0,1,male,38.0,0,0,S,1,1,Adult
824,1,3,female,27.0,0,1,S,2,0,Adult
825,0,3,male,2.0,4,1,S,6,0,Child
826,0,3,male,28.0,0,0,Q,1,1,Adult
827,0,3,male,28.0,0,0,S,1,1,Adult
828,1,2,male,1.0,0,2,C,3,0,Child
829,1,3,male,28.0,0,0,Q,1,1,Adult
830,1,1,female,62.0,0,0,S,1,1,Adult
831,1,3,female,15.0,1,0,C,2,0,Young
832,1,2,male,0.83,1,1,S,3,0,Child
833,0,3,male,28.0,0,0,C,1,1,Adult
834,0,3,male,23.0,0,0,S,1,1,Young
835,0,3,male,18.0,0,0,S,1,1,Young
836,1,1,female,39.0,1,1,C,3,0,Adult
837,0,3,male,21.0,0,0,S,1,1,Young
838,0,3,male,28.0,0,0,S,1,1,Adult
839,1,3,male,32.0,0,0,S,1,1,Adult
840,1,1,male,28.0,0,0,C,1,1,Adult
841,0,3,male,20.0,0,0,S,1,1,Young
842,0,2,male,16.0,0,0,S,1,1,Young
843,1,1,female,30.0,0,0,C,1,1,Adult
844,0,3,male,34.5,0,0,C,1,1,Adult
845,0,3,male,17.0,0,0,S,1,1,Young
846,0,3,male,42.0,0,0,S,1,1,Adult
847,0,3,male,28.0,8,2,S,11,0,Adult
848,0,3,male,35.0,0,0,C,1,1,Adult
849,0,2,male,28.0,0,1,S,2,0,Adult
850,1,1,female,28.0,1,0,C,2,0,Adult
851,0,3,male,4.0,4,2,S,7,0,Child
852,0,3,male,74.0,0,0,S,1,1,Senior
853,0,3,female,9.0,1,1,C,3,0,Child
854,1,1,female,16.0,0,1,S,2,0,Young
855,0,2,female,44.0,1,0,S,2,0,Adult
856,1,3,female,18.0,0,1,S,2,0,Young
857,1,1,female,45.0,1,1,S,3,0,Adult
858,1,1,male,51.0,0,0,S,1,1,Adult
859,1,3,female,24.0,0,3,C,4,0,Young
860,0,3,male,28.0,0,0,C,1,1,Adult
861,0,3,male,41.0,2,0,S,3,0,Adult
862,0,2,male,21.0,1,0,S,2,0,Young
863,1,1,female,48.0,0,0,S,1,1,Adult
864,0,3,female,28.0,8,2,S,11,0,Adult
865,0,2,male,24.0,0,0,S,1,1,Young
866,1,2,female,42.0,0,0,S,1,1,Adult
867,1,2,female,27.0,1,0,C,2,0,Adult
868,0,1,male,31.0,0,0,S,1,1,Adult
869,0,3,male,28.0,0,0,S,1,1,Adult
870,1,3,male,4.0,1,1,S,3,0,Child
871,0,3,male,26.0,0,0,S,1,1,Adult
872,1,1,female,47.0,1,1,S,3,0,Adult
873,0,1,male,33.0,0,0,S,1,1,Adult
874,0,3,male,47.0,0,0,S,1,1,Adult
875,1,2,female,28.0,1,0,C,2,0,Adult
876,1,3,female,15.0,0,0,C,1,1,Young
877,0,3,male,20.0,0,0,S,1,1,Young
878,0,3,male,19.0,0,0,S,1,1,Young
879,0,3,male,28.0,0,0,S,1,1,Adult
880,1,1,female,56.0,0,1,C,2,0,Adult
881,1,2,female,25.0,0,1,S,2,0,Adult
882,0,3,male,33.0,0,0,S,1,1,Adult
883,0,3,female,22.0,0,0,S,1,1,Young
884,0,2,male,28.0,0,0,S,1,1,Adult
885,0,3,male,25.0,0,0,S,1,1,Adult
886,0,3,female,39.0,0,5,Q,6,0,Adult
887,0,2,male,27.0,0,0,S,1,1,Adult
888,1,1,female,19.0,0,0,S,1,1,Young
889,0,3,female,28.0,1,2,S,4,0,Adult
890,1,1,male,26.0,0,0,C,1,1,Adult
891,0,3,male,32.0,0,0,Q,1,1,Adult
